{"display":{"title":"MARS BASE","favicon":"favicon_asset","navmapThumbnail":"scene-thumbnail.png"},"owner":"","contact":{"name":"0x74655ae4feb6af3cdee1d12d6a034c8f02901721","email":""},"main":"bin/index.js","tags":[],"scene":{"parcels":["0,0","0,1","0,2","0,3","0,4","1,0","1,1","1,2","1,3","1,4","2,0","2,1","2,2","2,3","2,4","3,0","3,1","3,2","3,3","3,4","4,0","4,1","4,2","4,3","4,4"],"base":"0,0"},"source":{"version":1,"origin":"builder","projectId":"d0e1f761-2fcf-4db5-89a1-2653808b9eea","point":{"x":0,"y":0},"rotation":"east","layout":{"rows":5,"cols":5}},"allowedMediaHostnames":[],"ecs7":true,"runtimeVersion":"7"}