{
  "ecs7": true,
  "runtimeVersion": "7",
  "display": {
    "title": "New Scene 3",
    "description": "Empty Scene Template",
    "favicon": "favicon_asset",
    "navmapThumbnail": ""
  },
  "owner": "",
  "contact": {
    "name": "SDK",
    "email": ""
  },
  "main": "bin/index.js",
  "tags": [],
  "scene": {
    "parcels": [
      "0,1",
      "1,1",
      "0,0",
      "1,0"
    ],
    "base": "0,0"
  },
  "spawnPoints": [
    {
      "name": "spawn1",
      "default": true,
      "position": {
        "x": [
          0,
          3
        ],
        "y": [
          0,
          0
        ],
        "z": [
          0,
          3
        ]
      },
      "cameraTarget": {
        "x": 8,
        "y": 1,
        "z": 8
      }
    }
  ],
  "requiredPermissions": [
    "ALLOW_TO_TRIGGER_AVATAR_EMOTE",
    "ALLOW_TO_MOVE_PLAYER_INSIDE_SCENE"
  ],
  "featureToggles": {
    "voiceChat": "enabled",
    "portableExperiences": "enabled"
  },
  "source": {
    "origin": "creator-hub",
    "projectId": "500871b1-aa84-4c6b-8f4b-cbfd01146261"
  }
}