{"version":11,"project":{"id":"9c99d550-53cf-4ef8-9728-33155f3a13b7","title":"BlessedLands","description":"","thumbnail":"https://builder-api.decentraland.org/v1/projects/9c99d550-53cf-4ef8-9728-33155f3a13b7/media/thumbnail.png","isPublic":true,"sceneId":"c4dfb298-2097-4286-aa30-16365b140fe9","ethAddress":"0x9937e3e274be96a624d7cd00f384eb71c741dd1b","layout":{"rows":2,"cols":2},"createdAt":"2023-08-13T23:46:22.270Z","updatedAt":"2023-08-14T11:50:06.371Z","isTemplate":false,"video":null,"templateStatus":null},"scene":{"sdk6":{"id":"c4dfb298-2097-4286-aa30-16365b140fe9","entities":{"75fafd4c-a74d-470d-953b-e030585aec65":{"id":"75fafd4c-a74d-470d-953b-e030585aec65","components":["af972540-6e74-4bab-98b7-b2fd69d55f9f","481ae754-9727-46d3-966a-bca30b424894"],"disableGizmos":true,"name":"entity"},"c3a008dd-c1f3-4b82-96c1-babe4e07af31":{"id":"c3a008dd-c1f3-4b82-96c1-babe4e07af31","components":["af972540-6e74-4bab-98b7-b2fd69d55f9f","da60cc0a-c70c-4c00-9636-fa04757a18a6"],"disableGizmos":true,"name":"entity2"},"dcbdf5bd-1842-4399-8c71-5d5ab5d446ce":{"id":"dcbdf5bd-1842-4399-8c71-5d5ab5d446ce","components":["af972540-6e74-4bab-98b7-b2fd69d55f9f","35153c38-a6f7-472a-b68a-1160c3da0ab2"],"disableGizmos":true,"name":"entity3"},"ace3555c-4519-4cf3-bdeb-e392946e9ef4":{"id":"ace3555c-4519-4cf3-bdeb-e392946e9ef4","components":["af972540-6e74-4bab-98b7-b2fd69d55f9f","1acef2e9-6860-4ab6-aa78-240751c3f2cd"],"disableGizmos":true,"name":"entity4"},"15646f73-cbd9-4fe5-8c66-8909e4522508":{"id":"15646f73-cbd9-4fe5-8c66-8909e4522508","components":["4ed13134-36fb-4882-9a44-ddfdb74a43a9","c911cf81-802e-421b-9dac-dd7a5d067e74"],"name":"blessedlands"}},"components":{"af972540-6e74-4bab-98b7-b2fd69d55f9f":{"id":"af972540-6e74-4bab-98b7-b2fd69d55f9f","type":"GLTFShape","data":{"assetId":"c9b17021-765c-4d9a-9966-ce93a9c323d1"}},"481ae754-9727-46d3-966a-bca30b424894":{"id":"481ae754-9727-46d3-966a-bca30b424894","type":"Transform","data":{"position":{"x":8,"y":0,"z":8},"rotation":{"x":0,"y":0,"z":0,"w":1},"scale":{"x":1,"y":1,"z":1}}},"da60cc0a-c70c-4c00-9636-fa04757a18a6":{"id":"da60cc0a-c70c-4c00-9636-fa04757a18a6","type":"Transform","data":{"position":{"x":24,"y":0,"z":8},"rotation":{"x":0,"y":0,"z":0,"w":1},"scale":{"x":1,"y":1,"z":1}}},"35153c38-a6f7-472a-b68a-1160c3da0ab2":{"id":"35153c38-a6f7-472a-b68a-1160c3da0ab2","type":"Transform","data":{"position":{"x":8,"y":0,"z":24},"rotation":{"x":0,"y":0,"z":0,"w":1},"scale":{"x":1,"y":1,"z":1}}},"1acef2e9-6860-4ab6-aa78-240751c3f2cd":{"id":"1acef2e9-6860-4ab6-aa78-240751c3f2cd","type":"Transform","data":{"position":{"x":24,"y":0,"z":24},"rotation":{"x":0,"y":0,"z":0,"w":1},"scale":{"x":1,"y":1,"z":1}}},"c911cf81-802e-421b-9dac-dd7a5d067e74":{"id":"c911cf81-802e-421b-9dac-dd7a5d067e74","type":"GLTFShape","data":{"assetId":"7c42aae8-52b2-48dc-99be-751c9b0fd493"}},"4ed13134-36fb-4882-9a44-ddfdb74a43a9":{"id":"4ed13134-36fb-4882-9a44-ddfdb74a43a9","type":"Transform","data":{"position":{"x":16,"y":0.5,"z":16},"rotation":{"x":0,"y":0,"z":0,"w":1},"scale":{"x":1,"y":1,"z":1}}}},"assets":{"c9b17021-765c-4d9a-9966-ce93a9c323d1":{"id":"c9b17021-765c-4d9a-9966-ce93a9c323d1","legacyId":"da1fed3c954172146414a66adfa134f7a5e1cb49c902713481bf2fe94180c2cf","assetPackId":"e6fa9601-3e47-4dff-9a84-e8e017add15a","name":"Bermuda Grass","model":"FloorBaseGrass_01/FloorBaseGrass_01.glb","script":null,"thumbnail":"https://builder-api.decentraland.org/v1/storage/contents/QmexuPHcbEtQCR11dPXxKZmRjGuY4iTooPJYfST7hW71DE","tags":["genesis","city","town","ground"],"category":"ground","contents":{"FloorBaseGrass_01/FloorBaseGrass_01.glb":"QmSyvWnb5nKCaGHw9oHLSkwywvS5NYpj6vgb8L121kWveS","FloorBaseGrass_01/Floor_Grass01.png.png":"QmT1WfQPMBVhgwyxV5SfcfWivZ6hqMCT74nxdKXwyZBiXb","FloorBaseGrass_01/thumbnail.png":"QmexuPHcbEtQCR11dPXxKZmRjGuY4iTooPJYfST7hW71DE"},"metrics":{"meshes":0,"bodies":0,"materials":0,"textures":0,"triangles":0,"entities":0},"parameters":[],"actions":[]},"7c42aae8-52b2-48dc-99be-751c9b0fd493":{"id":"7c42aae8-52b2-48dc-99be-751c9b0fd493","legacyId":null,"assetPackId":"7ad67fe1-ea1e-4a0f-a2dd-8079ac6c651e","name":"BlessedLands","model":"BlessedLands.glb","script":null,"thumbnail":"https://builder-api.decentraland.org/v1/storage/contents/bafkreiauvmnwfyt7jcrhcq6fpuyqhlnj4i7tosupjfdqukuo7s3g74yvcu","tags":[],"category":"decorations","contents":{"BlessedLands.glb":"bafybeicq2sr3jihsxzlze4q57nd3foswt5dnjlyd777u6ma3bqw57vnjtm"},"metrics":{"triangles":36228,"materials":17,"textures":13,"meshes":17,"bodies":19,"entities":1},"parameters":[],"actions":[]}},"metrics":{"triangles":36356,"materials":17,"meshes":20,"bodies":23,"entities":5,"textures":0},"limits":{"triangles":40000,"materials":50.6,"meshes":464,"bodies":1200,"entities":800,"textures":23},"ground":{"assetId":"c9b17021-765c-4d9a-9966-ce93a9c323d1","componentId":"af972540-6e74-4bab-98b7-b2fd69d55f9f"}},"sdk7":null}}