{"contact":{"name":"0x74655ae4feb6af3cdee1d12d6a034c8f02901721","email":""},"default":{"display":{"title":"interactive-text","favicon":"favicon_asset"},"owner":"","contact":{"name":"0x74655ae4feb6af3cdee1d12d6a034c8f02901721","email":""},"main":"bin/game.js","tags":[],"scene":{"parcels":["0,0"],"base":"0,0"},"communications":{"type":"webrtc","signalling":"https://signalling-01.decentraland.org"},"policy":{"contentRating":"E","fly":true,"voiceEnabled":true,"blacklist":[],"teleportPosition":""}},"display":{"title":"gigamaze","favicon":"favicon_asset","description":"","navmapThumbnail":"scene-thumbnail.png"},"main":"bin/index.js","owner":"","scene":{"parcels":["0,0","0,1","0,2","0,3","1,0","1,1","1,2","1,3","2,0","2,1","2,2","2,3","3,0","3,1","3,2","3,3"],"base":"0,0"},"tags":[],"source":{"version":1,"origin":"builder","projectId":"5dfb7fd8-3eb2-468b-9f64-defec5e943c1","point":{"x":0,"y":0},"rotation":"east","layout":{"rows":4,"cols":4}},"allowedMediaHostnames":[],"ecs7":true,"runtimeVersion":"7"}