{
  "contact": {
    "name": "0x74655ae4feb6af3cdee1d12d6a034c8f02901721",
    "email": ""
  },
  "default": {
    "display": {
      "title": "interactive-text",
      "favicon": "favicon_asset"
    },
    "owner": "",
    "contact": {
      "name": "0x74655ae4feb6af3cdee1d12d6a034c8f02901721",
      "email": ""
    },
    "main": "bin/game.js",
    "tags": [],
    "scene": {
      "parcels": [
        "0,0"
      ],
      "base": "0,0"
    },
    "communications": {
      "type": "webrtc",
      "signalling": "https://signalling-01.decentraland.org"
    },
    "policy": {
      "contentRating": "E",
      "fly": true,
      "voiceEnabled": true,
      "blacklist": [],
      "teleportPosition": ""
    }
  },
  "display": {
    "title": "MAZE",
    "favicon": "favicon_asset",
    "description": "",
    "navmapThumbnail": "scene-thumbnail.png"
  },
  "main": "bin/index.js",
  "owner": "",
  "scene": {
    "parcels": [
      "0,0",
      "0,1",
      "1,0",
      "1,1"
    ],
    "base": "0,0"
  },
  "tags": [],
  "source": {
    "version": 1,
    "origin": "builder",
    "projectId": "d51ab552-5b33-4e82-82c9-9a8290e325ee",
    "point": {
      "x": 0,
      "y": 0
    },
    "rotation": "east",
    "layout": {
      "rows": 2,
      "cols": 2
    }
  },
  "allowedMediaHostnames": [],
  "ecs7": true,
  "runtimeVersion": "7",
  "spawnPoints": [],
  "featureToggles": {
    "voiceChat": "enabled",
    "portableExperiences": "enabled"
  }
}