{"contact":{"name":"0x0432e477df6025ce0c30eced1d635355e73c31aa","email":""},"default":{"display":{"title":"interactive-text","favicon":"favicon_asset"},"owner":"","contact":{"name":"0x0432e477df6025ce0c30eced1d635355e73c31aa","email":""},"main":"bin/game.js","tags":[],"scene":{"parcels":["0,0"],"base":"0,0"},"communications":{"type":"webrtc","signalling":"https://signalling-01.decentraland.org"},"policy":{"contentRating":"E","fly":true,"voiceEnabled":true,"blacklist":[],"teleportPosition":""}},"display":{"title":"Atlantis","favicon":"favicon_asset","description":"","navmapThumbnail":"scene-thumbnail.png"},"main":"bin/index.js","owner":"","scene":{"parcels":["0,0","1,0","2,0"],"base":"0,0"},"tags":[],"source":{"version":1,"origin":"builder","projectId":"1debbf7c-2c6c-4539-9d22-5a169531dfdf","point":{"x":0,"y":0},"rotation":"east","layout":{"rows":3,"cols":1}},"allowedMediaHostnames":[],"ecs7":true,"runtimeVersion":"7"}