{
  "display": {
    "title": "Giardino Tranquillo",
    "favicon": "favicon_asset",
    "navmapThumbnail": "scene-thumbnail.png"
  },
  "owner": "",
  "contact": {
    "name": "AleR3ds",
    "email": ""
  },
  "main": "bin/game.js",
  "tags": [],
  "scene": {
    "parcels": [
      "0,0",
      "0,1",
      "1,0",
      "1,1"
    ],
    "base": "0,0"
  },
  "source": {
    "version": 1,
    "origin": "builder",
    "projectId": "99b52bdd-662a-4b08-96b8-56871c14d6ce",
    "point": {
      "x": 0,
      "y": 0
    },
    "rotation": "east",
    "layout": {
      "rows": 2,
      "cols": 2
    }
  }
}