{"display":{"title":"STONE AGE IN DCL","favicon":"favicon_asset","navmapThumbnail":"scene-thumbnail.png"},"owner":"","contact":{"name":"0x8ab7301c94b7330770959f4013111b1d402736ed","email":""},"main":"bin/index.js","tags":[],"scene":{"parcels":["0,0","0,1","0,2","0,3","1,0","1,1","1,2","1,3","2,0","2,1","2,2","2,3","3,0","3,1","3,2","3,3"],"base":"0,0"},"source":{"version":1,"origin":"builder","projectId":"637c9e59-2b89-4c20-a7ac-45dd683cbf27","point":{"x":0,"y":0},"rotation":"east","layout":{"rows":4,"cols":4}},"allowedMediaHostnames":[],"ecs7":true,"runtimeVersion":"7"}