{
  "display": {
    "title": "OVA_Whispering Waters - a Wabi-Sabi Zen Escape",
    "favicon": "favicon_asset",
    "navmapThumbnail": "scene-thumbnail.png"
  },
  "owner": "",
  "contact": {
    "name": "OVA",
    "email": ""
  },
  "main": "bin/game.js",
  "tags": [],
  "scene": {
    "parcels": [
      "0,0",
      "0,1",
      "1,0",
      "1,1"
    ],
    "base": "0,0"
  },
  "source": {
    "version": 1,
    "origin": "builder",
    "projectId": "24acc797-7869-43d3-9d9e-ba3209b5c870",
    "point": {
      "x": 0,
      "y": 0
    },
    "rotation": "east",
    "layout": {
      "rows": 2,
      "cols": 2
    }
  }
}